game_id,team_id,player_number,position_code,goals,assists,points,shots,hits,blocked_shots,plus_minus,penalty minutes,time_on_ice_seconds
2023030416,12,9,1,0,0,0,1,2,0,-4,0,1010
2023030416,12,10,2,0,0,0,1,1,1,0,0,730
2023030416,12,13,1,0,0,0,1,5,1,-3,0,1239
2023030416,12,15,1,0,0,0,2,1,1,0,0,935
2023030416,12,16,1,1,0,1,3,2,0,-2,0,1203
2023030416,12,17,1,0,0,0,1,3,1,-2,0,860
2023030416,12,19,3,0,0,0,1,5,0,-3,2,1133
2023030416,12,21,1,0,0,0,1,1,2,0,0,588
2023030416,12,23,1,0,1,1,1,1,1,-2,0,1141
2023030416,12,27,1,0,0,0,0,1,1,0,2,873
2023030416,12,82,1,0,0,0,0,1,0,0,2,636
2023030416,12,94,3,0,0,0,1,6,0,0,10,466
2023030416,12,5,4,0,0,0,0,3,1,-2,0,1297
2023030416,12,7,4,0,1,1,2,4,1,0,0,835
2023030416,12,42,4,0,0,0,3,2,0,-3,0,1325
2023030416,12,62,4,0,0,0,1,0,1,-1,0,1275
2023030416,12,77,4,0,0,0,0,3,0,0,0,1055
2023030416,12,91,4,0,0,0,2,3,0,0,0,1061
2023030416,12,41,5,0,0,0,0,0,0,0,0,0
2023030416,12,72,5,0,0,0,0,0,0,0,0,3578
2023030416,11,10,1,0,0,0,0,1,0,-1,2,490
2023030416,11,13,1,0,1,1,2,0,0,2,4,884
2023030416,11,18,3,1,0,1,1,3,1,1,0,1065
2023030416,11,19,1,1,0,1,1,2,2,2,0,870
2023030416,11,28,2,0,0,0,0,0,0,1,0,924
2023030416,11,29,1,0,1,1,3,0,1,1,0,1000
2023030416,11,37,3,1,1,2,1,0,1,1,0,880
2023030416,11,55,3,0,0,0,0,5,0,2,0,744
2023030416,11,71,1,1,0,1,4,1,0,1,10,793
2023030416,11,90,2,0,0,0,0,0,0,0,0,567
2023030416,11,93,1,0,1,1,1,0,3,1,0,1155
2023030416,11,97,1,0,0,0,0,0,1,1,2,1138
2023030416,11,2,4,0,0,0,3,1,2,2,0,1401
2023030416,11,5,4,0,0,0,1,2,2,0,0,1165
2023030416,11,14,4,0,1,1,1,2,2,2,0,1344
2023030416,11,25,4,1,0,1,1,3,2,2,0,1094
2023030416,11,27,4,0,1,1,1,1,2,-1,0,1002
2023030416,11,86,4,0,1,1,1,0,3,3,0,1004
2023030416,11,30,5,0,0,0,0,0,0,0,0,0
2023030416,11,74,5,0,0,0,0,0,0,0,0,3600
