game_id,team_id,player_id,position_code,goals,assists,points,shots,hits,blocked_shots,plus_minus,penalty_minutes,time_on_ice_seconds
2023030417,22,8478585,1,0,0,0,0,3,0,0,0,414
2023030417,22,8477406,1,1,0,1,1,1,0,1,0,760
2023030417,22,8475786,2,0,0,0,2,1,0,0,0,1492
2023030417,22,8474641,1,0,0,0,2,2,0,1,0,715
2023030417,22,8477015,3,0,0,0,0,1,1,1,0,728
2023030417,22,8477934,1,0,0,0,0,0,0,-1,0,1342
2023030417,22,8477998,2,0,0,0,4,0,1,-2,2,830
2023030417,22,8482077,2,0,0,0,0,4,0,0,0,631
2023030417,22,8480802,1,0,0,0,0,0,0,-2,0,542
2023030417,22,8470621,3,0,0,0,0,1,0,0,0,472
2023030417,22,8476454,1,0,0,0,1,2,1,-1,0,1260
2023030417,22,8478402,1,0,0,0,2,2,2,0,0,1542
2023030417,22,8480803,4,0,0,0,5,1,3,0,2,1663
2023030417,22,8476879,4,0,1,1,1,2,1,0,0,1115
2023030417,22,8475218,4,0,0,0,4,0,3,0,0,1567
2023030417,22,8477498,4,0,0,0,1,0,1,0,0,939
2023030417,22,8476967,4,0,0,0,0,1,0,-2,0,940
2023030417,22,8481598,4,0,0,0,0,0,1,0,0,877
2023030417,22,8475717,5,0,0,0,0,0,0,0,0,0
2023030417,22,8479973,5,0,0,0,0,0,0,0,0,3531
2023030417,13,8473449,3,0,0,0,0,1,0,0,0,471
2023030417,13,8477935,1,0,0,0,3,3,1,1,0,1070
2023030417,13,8475765,3,0,0,0,2,1,0,-1,0,868
2023030417,13,8477933,1,1,0,1,2,2,3,1,0,1302
2023030417,13,8482113,1,0,1,1,0,1,0,0,0,879
2023030417,13,8477493,1,0,0,0,4,1,1,1,0,1221
2023030417,13,8478542,1,0,1,1,1,1,0,1,0,969
2023030417,13,8479314,2,0,0,0,1,3,0,0,2,933
2023030417,13,8477409,1,1,1,2,3,0,2,2,0,1163
2023030417,13,8480185,1,0,0,0,0,2,2,-1,0,1041
2023030417,13,8478831,1,0,0,0,0,2,0,0,0,548
2023030417,13,8479066,2,0,0,0,0,0,1,0,0,407
2023030417,13,8477932,4,0,0,0,0,2,2,-1,0,1384
2023030417,13,8475179,4,0,1,1,1,1,0,0,0,906
2023030417,13,8478055,4,0,0,0,1,1,1,-1,0,1425
2023030417,13,8477986,4,0,0,0,0,1,3,1,0,1251
2023030417,13,8478859,4,0,0,0,2,3,2,1,0,1045
2023030417,13,8475171,4,0,0,0,0,5,0,1,0,997
2023030417,13,8476932,5,0,0,0,0,0,0,0,0,0
2023030417,13,8475683,5,0,0,0,0,0,0,0,0,3600
